<?xml version="1.0" encoding="UTF-8"?>
<!DOCTYPE mapper
PUBLIC "-//mybatis.org//DTD Mapper 3.0//EN"
"http://mybatis.org/dtd/mybatis-3-mapper.dtd">

<mapper namespace="CalculateDAO">

	<select id="calList" parameterType="HashMap" resultType="kr.kosta.bus.model.CalculateDTO">
	    select d.* from (
            select c.*, rownum rn from (
                select c.*, b.b_no as "cal_b_no" from bus b, calculate c
            where b.b_no = c.cal_b_no order by c.cal_b_no desc) c ) d
		where rn between #{start} and #{end}
	</select>
	
	<insert id="calInsert" parameterType="kr.kosta.bus.model.CalculateDTO">
		insert into calculate values(#{cal_code}, #{cal_date}, #{cal_b_no}, 
			#{cal_hap_c}, #{cal_hap_m}, #{cal_total}, 
			#{cal_nametag}, #{cal_bigo} )
	</insert>
	
	<select id="getCalculate" parameterType="String" resultType="kr.kosta.bus.model.CalculateDTO">
		select b.b_no as "c.cal_b_no", 
			c.cal_code, c.cal_date, c.cal_hap_c, c.cal_hap_m, c.cal_total, c.cal_nametag, c.cal_bigo
				from bus b, calculate c
		where b.b_no = c.cal_b_no and cal_code = #{cal_code}
	</select>
	
	<update id="calUpdate" parameterType="kr.kosta.bus.model.CalculateDTO">
		update calculate set cal_date = #{ cal_date}, cal_bigo = #{cal_bigo} where cal_code = #{cal_code}
	</update>
	
	<select id="getCalCount" resultType="Integer">
		select count(*) from calculate
	</select>

</mapper>