<?xml version="1.0" encoding="UTF-8"?>
<!DOCTYPE mapper
PUBLIC "-//mybatis.org//DTD Mapper 3.0//EN"
"http://mybatis.org/dtd/mybatis-3-mapper.dtd">

<mapper namespace="RouteDAO">
	<select id="routeList" parameterType="HashMap" resultType="kr.kosta.bus.model.RouteDTO">
		select * from (select A.*, rownum r from (select * from route order by r_no) A)
		where r >= #{start} and r &lt;= #{end}
	</select>
	<select id="getRouteCount" resultType="Integer">
		select count(*) from route
	</select>
	
	<insert id="routeInsert" parameterType="kr.kosta.bus.model.RouteDTO">
		insert into route values (#{r_no}, #{r_start}, #{r_end}, 
			#{r_s_time}, #{r_e_time}, #{r_interval},
			#{r_map}, #{r_pay_adult},  #{r_pay_adult2}, #{r_pay_teen}, #{r_pay_teen2}, 
			#{r_pay_kid}, #{r_pay_kid2})
	</insert>
	
	<update id="routeUpdate" parameterType="kr.kosta.bus.model.RouteDTO">
		update route set r_start = #{r_start}, r_end = #{r_end}, 
			r_s_time = #{r_s_time}, r_e_time = #{r_e_time}, r_interval = #{r_interval},
			r_map = #{r_map}, r_pay_adult = #{r_pay_adult}, r_pay_adult2 = #{r_pay_adult2}, r_pay_teen = #{r_pay_teen},
			r_pay_teen2 = #{r_pay_teen2}, r_pay_kid = #{r_pay_kid}, r_pay_kid2 = #{r_pay_kid2}
			where r_no = #{r_no}
	</update>
	
	<delete id="routeDelete" parameterType="String">
		delete from route where r_no = #{r_no}
	</delete>
	
</mapper>