<?xml version="1.0" encoding="UTF-8"?>
<beans xmlns="http://www.springframework.org/schema/beans"
       xmlns:xsi="http://www.w3.org/2001/XMLSchema-instance"
       xmlns:aop="http://www.springframework.org/schema/aop"
       xmlns:p="http://www.springframework.org/schema/p"
       xmlns:c="http://www.springframework.org/schema/c"
       xmlns:context="http://www.springframework.org/schema/context"
       xmlns:tx="http://www.springframework.org/schema/tx"
       xsi:schemaLocation="
            http://www.springframework.org/schema/aop http://www.springframework.org/schema/aop/spring-aop.xsd
            http://www.springframework.org/schema/beans http://www.springframework.org/schema/beans/spring-beans.xsd
            http://www.springframework.org/schema/context http://www.springframework.org/schema/context/spring-context.xsd
            http://www.springframework.org/schema/tx http://www.springframework.org/schema/tx/spring-tx.xsd">
 
    <!-- MyBatis 맵퍼의 SQL 문장에 대한 파라미터 및 리턴 타입을 담을 클래스를 검색 할 패키지 지정 -->
    <bean id="sqlSessionFactory"     class="org.mybatis.spring.SqlSessionFactoryBean">
        <property name="dataSource" ref="dataSource" />
        <property name="mapperLocations" >
        	<list>
        		<value>classpath:kr/kosta/bus/mapper/*Mapper.xml</value>
      		</list>
        </property>
    </bean>
     
    <!-- SqlSession 객체 주입 -->
	<bean id="sqlSession" class=	"org.mybatis.spring.SqlSessionTemplate"		destroy-method="clearCache">
		<constructor-arg name="sqlSessionFactory" 	ref="sqlSessionFactory" />
	</bean>
	<tx:annotation-driven transaction-manager="transactionManager" />
	<bean id="transactionManager"
		class="org.springframework.jdbc.datasource.DataSourceTransactionManager">
		<property name="dataSource" ref="dataSource"></property>
	</bean>
     
    <bean id="dataSource" class="org.springframework.jdbc.datasource.SimpleDriverDataSource">
        <property name="driverClass" value="oracle.jdbc.driver.OracleDriver"/>
        <property name="url" value="jdbc:oracle:thin:@localhost:1521:xe"/>
        <property name="username" value="c##heemin"/>
        <property name="password" value="oracle"/>
    </bean>
     
</beans>
